{"fridge": [[9456.829047861507, 5047.784725050917], [9299.077011201629, 4325.6309572301425], [10094.848396130346, 4132.822912423625], [10277.13963849287, 4858.482281059063]], "kitchen_sink": [[9269.185234215885, 3473.7699592668023], [9910.710183299389, 3323.0291242362528], [9791.519755600813, 2846.2674134419553], [9149.99480651731, 2961.9522403258657]], "dish_cabinet": [[8999.253971486762, 2912.8738289205703], [8880.063543788187, 2267.8432790224033], [9612.734114052953, 2089.0576374745415], [9781.002953156822, 2793.6834012219956], [9139.47800407332, 2944.4242362525456]], "counter": [[8466.402647657842, 3233.636303462322], [8936.153156822813, 3156.5130855397147], [8813.457128309574, 2311.6632892057028], [8249.055397148677, 2430.853716904277]]}