{"washroom_sink": [[5789.720270270267, 1324.7594594594595], [6451.341891891889, 1324.7594594594595], [6272.1527027027005, 70.4351351351354], [5658.774324324322, 70.4351351351354]], "bathtub": [[8194.990540540537, 2275.84054054054], [8070.936486486484, 1579.7594594594595], [9525.125675675674, 1221.3810810810812], [9656.071621621617, 1931.2459459459462]]}