{
    "LivingRoom": [
        [
            6716.822282608694,
            7430.517391304348
        ],
        [
            5184.865760869564,
            3433.34347826087
        ],
        [
            571.3874999999994,
            4542.691304347826
        ],
        [
            1434.2135869565209,
            7201.604347826088
        ],
        [
            2702.039673913043,
            9825.3
        ]
    ],
    "Bedroom": [
        [
            538.4049309045236,
            4366.958291457287
        ],
        [
            157.82704145728712,
            2014.2949748743724
        ],
        [
            36.73407663316675,
            42.2095477386938
        ],
        [
            5451.319503768845,
            59.508542713568204
        ],
        [
            5607.010458542713,
            1408.8301507537692
        ],
        [
            4776.658699748744,
            1529.92311557789
        ],
        [
            5001.54563442211,
            3294.4206030150754
        ]
    ],
    "Bathroom": [
        [
            6594.262499999998,
            2656.3714285714286
        ],
        [
            6430.3339285714255,
            1344.942857142857
        ],
        [
            5811.048214285712,
            1363.1571428571428
        ],
        [
            5665.3339285714255,
            51.728571428571286
        ],
        [
            9508.54821428571,
            51.728571428571286
        ],
        [
            9672.476785714283,
            1927.7999999999997
        ]
    ],
    "Kitchen": [
        [
            7066.644191343963,
            2719.810250569476
        ],
        [
            7882.179498861047,
            5464.400227790433
        ],
        [
            10250.368564920273,
            4884.115489749431
        ],
        [
            9607.350341685647,
            2139.525512528474
        ]
    ],
    "FrontEntrance": [
        [
            8678.293527738264,
            6731.63001422475
        ],
        [
            6739.132788051209,
            7417.191891891892
        ],
        [
            9265.917994310097,
            9532.639971550498
        ],
        [
            10970.028947368419,
            7495.541820768137
        ],
        [
            10088.592247510667,
            6770.8049786628735
        ],
        [
            9500.967780938832,
            7417.191891891892
        ]
    ],
    "Hallway": [
        [
            6711.758653846152,
            7435.8
        ],
        [
            5158.220192307691,
            3428.376923076923
        ],
        [
            5034.643269230767,
            2298.5307692307697
        ],
        [
            4981.68173076923,
            1698.3000000000004
        ],
        [
            6270.412499999998,
            1521.761538461539
        ],
        [
            6464.604807692306,
            2881.1076923076926
        ],
        [
            6817.681730769228,
            4346.376923076923
        ],
        [
            7417.912499999998,
            4205.1461538461535
        ],
        [
            7876.912499999998,
            5476.223076923077
        ],
        [
            8318.258653846151,
            6482.492307692308
        ],
        [
            8653.681730769229,
            6747.3
        ]
    ],
    "StorageCloset": [
        [
            8717.378915275993,
            6740.2293966623865
        ],
        [
            8823.437965340177,
            6634.170346598203
        ],
        [
            8735.055423620024,
            6563.464313222079
        ],
        [
            9972.41100770218,
            5113.990629011553
        ],
        [
            10591.088799743258,
            4972.578562259307
        ],
        [
            11245.119608472398,
            5838.727471116817
        ],
        [
            10449.676732991013,
            6810.93543003851
        ],
        [
            10060.793549422335,
            6510.434788189987
        ],
        [
            9477.468774069317,
            7217.4951219512195
        ],
        [
            9389.086232349164,
            7129.112580231064
        ],
        [
            9300.70369062901,
            7270.524646983312
        ]
    ]
}