{
    "fridge": [
        [
            9456.829047861507,
            5047.784725050917
        ],
        [
            9299.077011201629,
            4325.6309572301425
        ],
        [
            10094.848396130346,
            4132.822912423625
        ],
        [
            10277.13963849287,
            4858.482281059063
        ]
    ],
    "kitchen_sink": [
        [
            9269.185234215885,
            3473.7699592668023
        ],
        [
            9910.710183299389,
            3323.0291242362528
        ],
        [
            9791.519755600813,
            2846.2674134419553
        ],
        [
            9149.99480651731,
            2961.9522403258657
        ]
    ],
    "dish_cabinet": [
        [
            8999.253971486762,
            2912.8738289205703
        ],
        [
            8880.063543788187,
            2267.8432790224033
        ],
        [
            9612.734114052953,
            2089.0576374745415
        ],
        [
            9781.002953156822,
            2793.6834012219956
        ],
        [
            9139.47800407332,
            2944.4242362525456
        ]
    ],
    "counter": [
        [
            8466.402647657842,
            3233.636303462322
        ],
        [
            8936.153156822813,
            3156.5130855397147
        ],
        [
            8813.457128309574,
            2311.6632892057028
        ],
        [
            8249.055397148677,
            2430.853716904277
        ]
    ],
    "BathroomSink": [
        [
            5805.307416434541,
            1400.397493036212
        ],
        [
            6419.012151810585,
            1333.273537604457
        ],
        [
            6313.531650417827,
            38.740111420613175
        ],
        [
            5671.05950557103,
            9.972701949860948
        ]
    ],
    "LivingRoom": [
        [
            6716.822282608694,
            7430.517391304348
        ],
        [
            5184.865760869564,
            3433.34347826087
        ],
        [
            571.3874999999994,
            4542.691304347826
        ],
        [
            1434.2135869565209,
            7201.604347826088
        ],
        [
            2702.039673913043,
            9825.3
        ]
    ],
    "Bedroom": [
        [
            538.4049309045236,
            4366.958291457287
        ],
        [
            157.82704145728712,
            2014.2949748743724
        ],
        [
            36.73407663316675,
            42.2095477386938
        ],
        [
            5451.319503768845,
            59.508542713568204
        ],
        [
            5607.010458542713,
            1408.8301507537692
        ],
        [
            4776.658699748744,
            1529.92311557789
        ],
        [
            5001.54563442211,
            3294.4206030150754
        ]
    ],
    "Bathroom": [
        [
            6594.262499999998,
            2656.3714285714286
        ],
        [
            6430.3339285714255,
            1344.942857142857
        ],
        [
            5811.048214285712,
            1363.1571428571428
        ],
        [
            5665.3339285714255,
            51.728571428571286
        ],
        [
            9508.54821428571,
            51.728571428571286
        ],
        [
            9672.476785714283,
            1927.7999999999997
        ]
    ],
    "Kitchen": [
        [
            7066.644191343963,
            2719.810250569476
        ],
        [
            7882.179498861047,
            5464.400227790433
        ],
        [
            10250.368564920273,
            4884.115489749431
        ],
        [
            9607.350341685647,
            2139.525512528474
        ]
    ],
    "FrontEntrance": [
        [
            8678.293527738264,
            6731.63001422475
        ],
        [
            6739.132788051209,
            7417.191891891892
        ],
        [
            9265.917994310097,
            9532.639971550498
        ],
        [
            10970.028947368419,
            7495.541820768137
        ],
        [
            10088.592247510667,
            6770.8049786628735
        ],
        [
            9500.967780938832,
            7417.191891891892
        ]
    ],
    "Hallway": [
        [
            6711.758653846152,
            7435.8
        ],
        [
            5158.220192307691,
            3428.376923076923
        ],
        [
            5034.643269230767,
            2298.5307692307697
        ],
        [
            4981.68173076923,
            1698.3000000000004
        ],
        [
            6270.412499999998,
            1521.761538461539
        ],
        [
            6464.604807692306,
            2881.1076923076926
        ],
        [
            6817.681730769228,
            4346.376923076923
        ],
        [
            7417.912499999998,
            4205.1461538461535
        ],
        [
            7876.912499999998,
            5476.223076923077
        ],
        [
            8318.258653846151,
            6482.492307692308
        ],
        [
            8653.681730769229,
            6747.3
        ]
    ],
    "StorageCloset": [
        [
            8717.378915275993,
            6740.2293966623865
        ],
        [
            8823.437965340177,
            6634.170346598203
        ],
        [
            8735.055423620024,
            6563.464313222079
        ],
        [
            9972.41100770218,
            5113.990629011553
        ],
        [
            10591.088799743258,
            4972.578562259307
        ],
        [
            11245.119608472398,
            5838.727471116817
        ],
        [
            10449.676732991013,
            6810.93543003851
        ],
        [
            10060.793549422335,
            6510.434788189987
        ],
        [
            9477.468774069317,
            7217.4951219512195
        ],
        [
            9389.086232349164,
            7129.112580231064
        ],
        [
            9300.70369062901,
            7270.524646983312
        ]
    ]
}