{
    "Kitchen": [
        [
            10254.35131578947,
            4872.043421052632
        ],
        [
            9586.234539473682,
            2131.632236842105
        ],
        [
            6483.454934210524,
            2901.6651315789477
        ],
        [
            6823.175328947365,
            4362.4628289473685
        ],
        [
            7378.051973684209,
            4237.898684210526
        ],
        [
            7876.308552631577,
            5472.216118421053
        ]
    ],
    "Bathroom": [
        [
            6585.06745978552,
            2656.908579088471
        ],
        [
            6391.253786863269,
            1346.358981233244
        ],
        [
            5782.125100536191,
            1410.9635388739946
        ],
        [
            5625.228317694368,
            54.26782841823069
        ],
        [
            9501.501776139408,
            35.809383378016264
        ],
        [
            9667.627781501338,
            1955.4876675603216
        ]
    ],
    "Bedroom": [
        [
            4975.124905541561,
            3289.1916876574314
        ],
        [
            518.0846032745594,
            4381.77355163728
        ],
        [
            223.2609256926953,
            2846.9561712846353
        ],
        [
            32.49266372796001,
            592.4221662468517
        ],
        [
            32.49266372796001,
            37.459949622166505
        ],
        [
            4602.2596662468495,
            37.459949622166505
        ],
        [
            5460.71684508816,
            46.1312342569272
        ],
        [
            5616.799968513853,
            1424.8654911838794
        ],
        [
            4801.699212846346,
            1537.5921914357687
        ],
        [
            4879.740774559192,
            2326.679093198993
        ]
    ],
    "LivingRoom ": [
        [
            561.0074622166239,
            4546.527959697733
        ],
        [
            977.2291246851378,
            6003.303778337532
        ],
        [
            1462.8210642317372,
            7295.325188916878
        ],
        [
            2061.1397040302254,
            8656.716876574308
        ],
        [
            2685.4721977329964,
            9818.669017632245
        ],
        [
            6717.619552896722,
            7399.380604534007
        ],
        [
            5156.788318639797,
            3427.9322418136026
        ]
    ],
    "FrontEntrance": [
        [
            6738.864200251888,
            7416.723173803527
        ],
        [
            8360.39442695214,
            6462.88186397985
        ],
        [
            9478.99014483627,
            7399.380604534007
        ],
        [
            10077.308784634759,
            6766.376826196475
        ],
        [
            10979.122386649873,
            7486.093450881613
        ],
        [
            9253.536744332492,
            9558.530478589422
        ]
    ],
    "Hallway": [
        [
            6726.724401763223,
            7416.723173803527
        ],
        [
            5148.550598236775,
            3436.6035264483635
        ],
        [
            5139.879313602015,
            3193.807556675064
        ],
        [
            4975.124905541562,
            3185.136272040303
        ],
        [
            4897.0833438287145,
            2326.679093198993
        ],
        [
            5027.152613350126,
            2309.3365239294717
        ],
        [
            5001.138759445844,
            1685.0040302267007
        ],
        [
            6275.817600755668,
            1502.9070528967259
        ],
        [
            6310.5027392947095,
            1598.2911838790938
        ],
        [
            6414.558154911839,
            1589.6198992443328
        ],
        [
            6527.284855163728,
            2456.7483627204037
        ],
        [
            6405.886870277077,
            2500.104785894207
        ],
        [
            6431.900724181361,
            2864.298740554157
        ],
        [
            6787.423394206548,
            4347.088413098238
        ],
        [
            7359.728180100755,
            4260.37556675063
        ],
        [
            8339.583343828715,
            6471.553148614611
        ]
    ],
    "StorageCloset": [
        [
            8726.972984886648,
            6749.034256926953
        ],
        [
            9299.277770780856,
            7243.297481108314
        ],
        [
            9481.37474811083,
            7156.584634760707
        ],
        [
            10062.350818639796,
            6497.567002518893
        ],
        [
            10461.22991183879,
            6792.390680100757
        ],
        [
            11258.988098236772,
            5855.8919395466
        ],
        [
            10591.299181360198,
            4971.420906801009
        ],
        [
            9958.295403022668,
            5127.504030226701
        ],
        [
            8735.64426952141,
            6558.2659949622175
        ]
    ]
}